"predictions","ID"
"No",1
"No",3
"No",4
"Yes",7
"Yes",9
"No",12
"Yes",15
"No",17
"No",18
"No",22
"Yes",25
"No",27
"Yes",28
"No",32
"No",35
"Yes",42
"Yes",43
"No",44
"No",50
"No",53
"No",56
"Yes",58
"Yes",60
"Yes",62
"No",63
"No",66
"Yes",68
"No",70
"Yes",75
"No",77
"Yes",82
"No",86
"No",92
"Yes",93
"No",97
"Yes",99
"Yes",101
"No",102
"No",107
"No",109
"No",114
"Yes",123
"No",126
"No",133
"No",140
"Yes",142
"No",144
"No",145
"No",146
"No",147
"Yes",149
"Yes",150
"No",154
"No",157
"No",172
"No",173
"Yes",176
"No",182
"No",183
"No",192
"No",194
"No",198
"No",208
"Yes",213
"No",214
"Yes",215
"No",216
"No",230
"No",233
"No",245
"No",247
"Yes",248
"No",249
"Yes",253
"Yes",254
"No",256
"Yes",257
"No",266
"No",269
"No",272
"No",274
"No",285
"No",293
"Yes",300
"No",307
"No",312
"No",313
"No",314
"Yes",318
"Yes",320
"Yes",321
"No",325
"No",327
"Yes",332
"No",333
"No",335
"No",341
"No",353
"Yes",354
"Yes",356
"No",359
"No",360
"No",363
"No",365
"No",366
"No",368
"No",369
"No",370
"Yes",372
"No",376
"No",380
"Yes",387
"No",394
"Yes",405
"No",406
"No",407
"Yes",411
"Yes",414
"No",416
"No",419
"No",423
"Yes",425
"No",432
"No",433
"Yes",434
"No",435
"No",438
"Yes",439
"No",440
"No",441
"No",442
"Yes",443
"No",448
"No",449
"No",453
"Yes",469
"Yes",470
"No",481
"No",485
"No",486
"Yes",488
"No",489
"No",492
"No",495
"No",497
"No",501
"Yes",502
"No",503
"No",505
"No",506
"Yes",507
"No",510
"No",511
"No",512
"No",513
"No",514
"Yes",517
"Yes",521
"No",525
"No",527
"Yes",535
"No",536
"No",541
"Yes",546
"No",551
"No",563
"No",565
"No",568
"No",570
"No",571
"Yes",572
"No",576
"No",577
"Yes",579
"Yes",583
"Yes",587
"No",594
"Yes",595
"No",600
"No",607
"No",608
"Yes",609
"No",615
"No",616
"No",628
"No",629
"Yes",630
"Yes",632
"No",635
"Yes",636
"Yes",641
"No",642
"Yes",644
"Yes",645
"No",650
"No",652
"Yes",656
"No",657
"No",662
"No",668
"No",670
"Yes",673
"No",674
"No",678
"Yes",689
"No",690
"Yes",691
"No",692
"Yes",694
"No",695
"No",697
"Yes",699
"Yes",701
"Yes",704
"No",705
"No",710
"Yes",718
"No",720
"No",723
"Yes",725
"No",730
"No",732
"No",742
"No",754
"No",757
"No",759
"No",762
"No",764
"No",767
"Yes",771
"No",772
"No",777
"Yes",778
"No",784
"Yes",790
"No",792
"No",794
"No",796
"Yes",798
"No",804
"No",805
"No",806
"Yes",807
"No",811
"No",814
"No",822
"No",826
"Yes",828
"No",831
"Yes",837
"No",838
"Yes",841
"No",850
"Yes",855
"No",857
"No",858
"No",860
"No",864
"No",865
"Yes",867
"No",868
